period_um,run_name,positive_excess_950_1050_pJ,net_output_minus_input_950_1050_pJ,peak_positive_excess_in_target_nm
17.0,PPLN_FIXED_17um,3.618028851663815,3.618028851663815,985.7649375552633
17.5,PPLN_FIXED_17p5um,5.272028914520572,5.272028914520572,956.4017266493616
18.0,PPLN_FIXED_18um,4.590525394661577,4.590525394661577,960.4889135153846
18.5,PPLN_FIXED_18p5um,5.32331234471435,5.32331234471435,964.611183530472
19.0,PPLN_FIXED_19um,14.272148333879596,14.272148333879596,950.3357537530657
19.5,PPLN_FIXED_19p5um,29.300049766369202,29.300049766369202,950.3357537530657
20.0,PPLN_FIXED_20um,42.38933026161949,42.38933026161949,954.3711497350318
20.125,PPLN_FIXED_20p125um,55.64633159646005,55.64633159646005,955.3853592459086
20.25,PPLN_FIXED_20p25um,83.23986619218586,83.23986619218586,957.4202588396167
20.375,PPLN_FIXED_20p375um,119.71412738235858,119.71412738235858,985.7649375552633
20.5,PPLN_FIXED_20p5um,144.49805333922438,144.49805333922438,985.7649375552633
20.625,PPLN_FIXED_20p625um,155.57358524739817,155.57358524739817,986.8470066414928
20.75,PPLN_FIXED_20p75um,164.13820604565666,164.13820604565666,986.8470066414928
20.875,PPLN_FIXED_20p875um,186.26444117676485,186.26444117676485,966.6856161832259
21.0,PPLN_FIXED_21um,238.71177168489197,238.71177168489197,970.8613639853132
21.125,PPLN_FIXED_21p125um,346.6541994402627,346.6541994402627,975.0733438724513
21.25,PPLN_FIXED_21p25um,513.3947895699615,513.3947895699615,977.1930685330435
21.375,PPLN_FIXED_21p375um,698.0780487082683,698.0780487082683,979.3220294666668
21.5,PPLN_FIXED_21p5um,865.3366005321425,865.3366005321425,980.389992421374
21.625,PPLN_FIXED_21p625um,979.7390149236971,979.7390149236971,981.4602871729259
21.75,PPLN_FIXED_21p75um,1012.6438296444279,1012.6438296444279,982.5329213665573
21.875,PPLN_FIXED_21p875um,960.588957290446,960.588957290446,983.6079026809629
22.0,PPLN_FIXED_22um,823.2708825118942,823.2708825118942,984.6852388284775
22.125,PPLN_FIXED_22p125um,631.618515918715,631.618515918715,986.8470066414928
22.25,PPLN_FIXED_22p25um,434.0036992240147,434.0036992240147,987.9314539015386
22.375,PPLN_FIXED_22p375um,273.06038942949544,273.06038942949544,989.0182871841585
22.5,PPLN_FIXED_22p5um,150.18294644593394,150.18294644593394,990.1075143726871
22.625,PPLN_FIXED_22p625um,73.89002674355692,73.89002674355692,991.1991433852261
22.75,PPLN_FIXED_22p75um,39.30877509958123,39.30877509958123,992.2931821748344
22.875,PPLN_FIXED_22p875um,33.28666532381892,33.28666532381892,1042.9438782487239
23.0,PPLN_FIXED_23um,38.18538801443106,38.18538801443106,981.4602871729259
23.125,PPLN_FIXED_23p125um,41.23639601144942,41.23639601144942,982.5329213665573
23.25,PPLN_FIXED_23p25um,37.04943608205725,37.04943608205725,984.6852388284775
23.375,PPLN_FIXED_23p375um,32.630410324374296,32.630410324374296,985.7649375552633
23.5,PPLN_FIXED_23p5um,23.70940913658374,23.70940913658374,987.9314539015386
23.625,PPLN_FIXED_23p625um,13.999106628955637,13.999106628955637,989.0182871841585
23.75,PPLN_FIXED_23p75um,7.198342118160972,7.198342118160972,990.1075143726871
23.875,PPLN_FIXED_23p875um,5.494492189238501,5.494492189238501,989.0182871841585
24.0,PPLN_FIXED_24um,7.758205760484463,7.758205760484463,981.4602871729259
24.5,PPLN_FIXED_24p5um,11.312084241802344,11.312084241802344,985.7649375552633
25.0,PPLN_FIXED_25um,1.9373772478921931,1.9373772478921931,990.1075143726871
25.5,PPLN_FIXED_25p5um,5.8492513556550785,5.8492513556550785,983.6079026809629
26.0,PPLN_FIXED_26um,3.971211953564084,3.971211953564084,986.8470066414928
26.5,PPLN_FIXED_26p5um,1.7372039016065577,1.7372039016065577,983.6079026809629
27.0,PPLN_FIXED_27um,2.7337718298875218,2.7337718298875218,984.6852388284775
27.5,PPLN_FIXED_27p5um,2.016203306530274,2.016203306530274,987.9314539015386
28.0,PPLN_FIXED_28um,1.1990815277780298,1.1990815277780298,983.6079026809629
28.5,PPLN_FIXED_28p5um,1.7781081988482272,1.7781081988482272,983.6079026809629
29.0,PPLN_FIXED_29um,2.02774326253783,2.02774326253783,986.8470066414928
29.5,PPLN_FIXED_29p5um,0.437360130034497,0.437360130034497,991.1991433852261
30.0,PPLN_FIXED_30um,1.8243547881070366,1.8243547881070366,983.6079026809629
