period_um,integrated_950_1050_J,integrated_950_1050_nJ
17.0,1.4569188408674547e-11,0.014569188408674548
17.5,1.9501757949298447e-11,0.019501757949298447
18.0,2.655241585940427e-11,0.02655241585940427
18.5,3.775722157072001e-11,0.037757221570720007
19.0,5.6387049418436965e-11,0.05638704941843697
19.5,9.379947660015722e-11,0.09379947660015722
20.0,1.568083804437832e-10,0.1568083804437832
20.125,1.7968745099911516e-10,0.17968745099911515
20.25,2.0131597743603454e-10,0.20131597743603455
20.375,2.2115154020575646e-10,0.22115154020575647
20.5,2.4171798685090677e-10,0.24171798685090676
20.625,2.7463811128341777e-10,0.27463811128341775
20.75,3.338056030100504e-10,0.3338056030100504
20.875,4.2659529917498537e-10,0.42659529917498534
21.0,5.511730109052638e-10,0.5511730109052638
21.125,7.012530233674013e-10,0.7012530233674014
21.25,8.595860427767938e-10,0.8595860427767937
21.375,9.964985702976467e-10,0.9964985702976468
21.5,1.099581722175975e-09,1.099581722175975
21.625,1.1647216054053593e-09,1.1647216054053593
21.75,1.1935098191094672e-09,1.1935098191094673
21.875,1.1914627889753101e-09,1.1914627889753102
22.0,1.1716787384353943e-09,1.1716787384353944
22.125,1.1412991340184445e-09,1.1412991340184444
22.25,1.1093280012321628e-09,1.1093280012321627
22.375,1.0670703569554688e-09,1.0670703569554687
22.5,1.0120849356936026e-09,1.0120849356936026
22.625,9.374747054731902e-10,0.9374747054731901
22.75,8.424046150753835e-10,0.8424046150753836
22.875,7.31429912643398e-10,0.731429912643398
23.0,6.058616054794445e-10,0.6058616054794445
23.125,4.762869799003549e-10,0.47628697990035496
23.25,3.543232668192332e-10,0.3543232668192332
23.375,2.56265571588114e-10,0.25626557158811397
23.5,1.78557400610148e-10,0.178557400610148
23.625,1.2260046022317995e-10,0.12260046022317996
23.75,8.655945620328065e-11,0.08655945620328065
23.875,6.731172397982001e-11,0.06731172397982
24.0,5.894848087609846e-11,0.05894848087609846
24.5,4.2867688784644775e-11,0.042867688784644774
25.0,2.4366004649581632e-11,0.02436600464958163
25.5,1.9991691645705833e-11,0.019991691645705835
26.0,1.5286531253742933e-11,0.015286531253742934
26.5,1.1114518995810137e-11,0.011114518995810136
27.0,9.314025896320803e-12,0.009314025896320802
27.5,7.726496015941724e-12,0.007726496015941724
28.0,6.299610353247231e-12,0.006299610353247231
28.5,5.492348995356254e-12,0.005492348995356254
29.0,5.084042754151498e-12,0.005084042754151498
29.5,3.9138560009355556e-12,0.003913856000935556
30.0,3.899598661272347e-12,0.0038995986612723474
