run_name,period_um,crystal_length_um,half_period_um,domain_segments,final_domain_length_um,pump_energy_uJ,pump_gdd_fs2,pump_centre_nm,pump_bandwidth_THz,pump_sg_order,seed_centre_um,seed_bandwidth_THz,seed_sg_order,seed_energy_nJ,input_file
PPLN_FIXED_17um,17.0,500.0,8.5,59,7.0,0.09999999999999999,0.0,800.001222180712,25.0,4,3.999899372915277,56.21,10,10.0,inputs/PPLN_FIXED_17um.txt
PPLN_FIXED_17p5um,17.5,500.0,8.75,58,1.25,0.09999999999999999,0.0,800.001222180712,25.0,4,3.999899372915277,56.21,10,10.0,inputs/PPLN_FIXED_17p5um.txt
PPLN_FIXED_18um,18.0,500.0,9.0,56,5.0,0.09999999999999999,0.0,800.001222180712,25.0,4,3.999899372915277,56.21,10,10.0,inputs/PPLN_FIXED_18um.txt
PPLN_FIXED_18p5um,18.5,500.0,9.25,55,0.5,0.09999999999999999,0.0,800.001222180712,25.0,4,3.999899372915277,56.21,10,10.0,inputs/PPLN_FIXED_18p5um.txt
PPLN_FIXED_19um,19.0,500.0,9.5,53,6.0,0.09999999999999999,0.0,800.001222180712,25.0,4,3.999899372915277,56.21,10,10.0,inputs/PPLN_FIXED_19um.txt
PPLN_FIXED_19p5um,19.5,500.0,9.75,52,2.75,0.09999999999999999,0.0,800.001222180712,25.0,4,3.999899372915277,56.21,10,10.0,inputs/PPLN_FIXED_19p5um.txt
PPLN_FIXED_20um,20.0,500.0,10.0,50,10.0,0.09999999999999999,0.0,800.001222180712,25.0,4,3.999899372915277,56.21,10,10.0,inputs/PPLN_FIXED_20um.txt
PPLN_FIXED_20p125um,20.125,500.0,10.0625,50,6.9375,0.09999999999999999,0.0,800.001222180712,25.0,4,3.999899372915277,56.21,10,10.0,inputs/PPLN_FIXED_20p125um.txt
PPLN_FIXED_20p25um,20.25,500.0,10.125,50,3.875,0.09999999999999999,0.0,800.001222180712,25.0,4,3.999899372915277,56.21,10,10.0,inputs/PPLN_FIXED_20p25um.txt
PPLN_FIXED_20p375um,20.375,500.0,10.1875,50,0.8125,0.09999999999999999,0.0,800.001222180712,25.0,4,3.999899372915277,56.21,10,10.0,inputs/PPLN_FIXED_20p375um.txt
PPLN_FIXED_20p5um,20.5,500.0,10.25,49,8.0,0.09999999999999999,0.0,800.001222180712,25.0,4,3.999899372915277,56.21,10,10.0,inputs/PPLN_FIXED_20p5um.txt
PPLN_FIXED_20p625um,20.625,500.0,10.3125,49,5.0,0.09999999999999999,0.0,800.001222180712,25.0,4,3.999899372915277,56.21,10,10.0,inputs/PPLN_FIXED_20p625um.txt
PPLN_FIXED_20p75um,20.75,500.0,10.375,49,2.0,0.09999999999999999,0.0,800.001222180712,25.0,4,3.999899372915277,56.21,10,10.0,inputs/PPLN_FIXED_20p75um.txt
PPLN_FIXED_20p875um,20.875,500.0,10.4375,48,9.4375,0.09999999999999999,0.0,800.001222180712,25.0,4,3.999899372915277,56.21,10,10.0,inputs/PPLN_FIXED_20p875um.txt
PPLN_FIXED_21um,21.0,500.0,10.5,48,6.5,0.09999999999999999,0.0,800.001222180712,25.0,4,3.999899372915277,56.21,10,10.0,inputs/PPLN_FIXED_21um.txt
PPLN_FIXED_21p125um,21.125,500.0,10.5625,48,3.5625,0.09999999999999999,0.0,800.001222180712,25.0,4,3.999899372915277,56.21,10,10.0,inputs/PPLN_FIXED_21p125um.txt
PPLN_FIXED_21p25um,21.25,500.0,10.625,48,0.625,0.09999999999999999,0.0,800.001222180712,25.0,4,3.999899372915277,56.21,10,10.0,inputs/PPLN_FIXED_21p25um.txt
PPLN_FIXED_21p375um,21.375,500.0,10.6875,47,8.375,0.09999999999999999,0.0,800.001222180712,25.0,4,3.999899372915277,56.21,10,10.0,inputs/PPLN_FIXED_21p375um.txt
PPLN_FIXED_21p5um,21.5,500.0,10.75,47,5.5,0.09999999999999999,0.0,800.001222180712,25.0,4,3.999899372915277,56.21,10,10.0,inputs/PPLN_FIXED_21p5um.txt
PPLN_FIXED_21p625um,21.625,500.0,10.8125,47,2.625,0.09999999999999999,0.0,800.001222180712,25.0,4,3.999899372915277,56.21,10,10.0,inputs/PPLN_FIXED_21p625um.txt
PPLN_FIXED_21p75um,21.75,500.0,10.875,46,10.625,0.09999999999999999,0.0,800.001222180712,25.0,4,3.999899372915277,56.21,10,10.0,inputs/PPLN_FIXED_21p75um.txt
PPLN_FIXED_21p875um,21.875,500.0,10.9375,46,7.8125,0.09999999999999999,0.0,800.001222180712,25.0,4,3.999899372915277,56.21,10,10.0,inputs/PPLN_FIXED_21p875um.txt
PPLN_FIXED_22um,22.0,500.0,11.0,46,5.0,0.09999999999999999,0.0,800.001222180712,25.0,4,3.999899372915277,56.21,10,10.0,inputs/PPLN_FIXED_22um.txt
PPLN_FIXED_22p125um,22.125,500.0,11.0625,46,2.1875,0.09999999999999999,0.0,800.001222180712,25.0,4,3.999899372915277,56.21,10,10.0,inputs/PPLN_FIXED_22p125um.txt
PPLN_FIXED_22p25um,22.25,500.0,11.125,45,10.5,0.09999999999999999,0.0,800.001222180712,25.0,4,3.999899372915277,56.21,10,10.0,inputs/PPLN_FIXED_22p25um.txt
PPLN_FIXED_22p375um,22.375,500.0,11.1875,45,7.75,0.09999999999999999,0.0,800.001222180712,25.0,4,3.999899372915277,56.21,10,10.0,inputs/PPLN_FIXED_22p375um.txt
PPLN_FIXED_22p5um,22.5,500.0,11.25,45,5.0,0.09999999999999999,0.0,800.001222180712,25.0,4,3.999899372915277,56.21,10,10.0,inputs/PPLN_FIXED_22p5um.txt
PPLN_FIXED_22p625um,22.625,500.0,11.3125,45,2.25,0.09999999999999999,0.0,800.001222180712,25.0,4,3.999899372915277,56.21,10,10.0,inputs/PPLN_FIXED_22p625um.txt
PPLN_FIXED_22p75um,22.75,500.0,11.375,44,10.875,0.09999999999999999,0.0,800.001222180712,25.0,4,3.999899372915277,56.21,10,10.0,inputs/PPLN_FIXED_22p75um.txt
PPLN_FIXED_22p875um,22.875,500.0,11.4375,44,8.1875,0.09999999999999999,0.0,800.001222180712,25.0,4,3.999899372915277,56.21,10,10.0,inputs/PPLN_FIXED_22p875um.txt
PPLN_FIXED_23um,23.0,500.0,11.5,44,5.5,0.09999999999999999,0.0,800.001222180712,25.0,4,3.999899372915277,56.21,10,10.0,inputs/PPLN_FIXED_23um.txt
PPLN_FIXED_23p125um,23.125,500.0,11.5625,44,2.8125,0.09999999999999999,0.0,800.001222180712,25.0,4,3.999899372915277,56.21,10,10.0,inputs/PPLN_FIXED_23p125um.txt
PPLN_FIXED_23p25um,23.25,500.0,11.625,44,0.125,0.09999999999999999,0.0,800.001222180712,25.0,4,3.999899372915277,56.21,10,10.0,inputs/PPLN_FIXED_23p25um.txt
PPLN_FIXED_23p375um,23.375,500.0,11.6875,43,9.125,0.09999999999999999,0.0,800.001222180712,25.0,4,3.999899372915277,56.21,10,10.0,inputs/PPLN_FIXED_23p375um.txt
PPLN_FIXED_23p5um,23.5,500.0,11.75,43,6.5,0.09999999999999999,0.0,800.001222180712,25.0,4,3.999899372915277,56.21,10,10.0,inputs/PPLN_FIXED_23p5um.txt
PPLN_FIXED_23p625um,23.625,500.0,11.8125,43,3.875,0.09999999999999999,0.0,800.001222180712,25.0,4,3.999899372915277,56.21,10,10.0,inputs/PPLN_FIXED_23p625um.txt
PPLN_FIXED_23p75um,23.75,500.0,11.875,43,1.25,0.09999999999999999,0.0,800.001222180712,25.0,4,3.999899372915277,56.21,10,10.0,inputs/PPLN_FIXED_23p75um.txt
PPLN_FIXED_23p875um,23.875,500.0,11.9375,42,10.5625,0.09999999999999999,0.0,800.001222180712,25.0,4,3.999899372915277,56.21,10,10.0,inputs/PPLN_FIXED_23p875um.txt
PPLN_FIXED_24um,24.0,500.0,12.0,42,8.0,0.09999999999999999,0.0,800.001222180712,25.0,4,3.999899372915277,56.21,10,10.0,inputs/PPLN_FIXED_24um.txt
PPLN_FIXED_24p5um,24.5,500.0,12.25,41,10.0,0.09999999999999999,0.0,800.001222180712,25.0,4,3.999899372915277,56.21,10,10.0,inputs/PPLN_FIXED_24p5um.txt
PPLN_FIXED_25um,25.0,500.0,12.5,40,12.5,0.09999999999999999,0.0,800.001222180712,25.0,4,3.999899372915277,56.21,10,10.0,inputs/PPLN_FIXED_25um.txt
PPLN_FIXED_25p5um,25.5,500.0,12.75,40,2.75,0.09999999999999999,0.0,800.001222180712,25.0,4,3.999899372915277,56.21,10,10.0,inputs/PPLN_FIXED_25p5um.txt
PPLN_FIXED_26um,26.0,500.0,13.0,39,6.0,0.09999999999999999,0.0,800.001222180712,25.0,4,3.999899372915277,56.21,10,10.0,inputs/PPLN_FIXED_26um.txt
PPLN_FIXED_26p5um,26.5,500.0,13.25,38,9.75,0.09999999999999999,0.0,800.001222180712,25.0,4,3.999899372915277,56.21,10,10.0,inputs/PPLN_FIXED_26p5um.txt
PPLN_FIXED_27um,27.0,500.0,13.5,38,0.5,0.09999999999999999,0.0,800.001222180712,25.0,4,3.999899372915277,56.21,10,10.0,inputs/PPLN_FIXED_27um.txt
PPLN_FIXED_27p5um,27.5,500.0,13.75,37,5.0,0.09999999999999999,0.0,800.001222180712,25.0,4,3.999899372915277,56.21,10,10.0,inputs/PPLN_FIXED_27p5um.txt
PPLN_FIXED_28um,28.0,500.0,14.0,36,10.0,0.09999999999999999,0.0,800.001222180712,25.0,4,3.999899372915277,56.21,10,10.0,inputs/PPLN_FIXED_28um.txt
PPLN_FIXED_28p5um,28.5,500.0,14.25,36,1.25,0.09999999999999999,0.0,800.001222180712,25.0,4,3.999899372915277,56.21,10,10.0,inputs/PPLN_FIXED_28p5um.txt
PPLN_FIXED_29um,29.0,500.0,14.5,35,7.0,0.09999999999999999,0.0,800.001222180712,25.0,4,3.999899372915277,56.21,10,10.0,inputs/PPLN_FIXED_29um.txt
PPLN_FIXED_29p5um,29.5,500.0,14.75,34,13.25,0.09999999999999999,0.0,800.001222180712,25.0,4,3.999899372915277,56.21,10,10.0,inputs/PPLN_FIXED_29p5um.txt
PPLN_FIXED_30um,30.0,500.0,15.0,34,5.0,0.09999999999999999,0.0,800.001222180712,25.0,4,3.999899372915277,56.21,10,10.0,inputs/PPLN_FIXED_30um.txt
