period_um,baseline_minus1230fs2_nJ,zero_chirp_nJ,difference_zero_minus_baseline_nJ,ratio_zero_over_baseline
17.0,0.0036180288516638,0.0145691884086745,0.0109511595570107,4.02683035597537
17.5,0.0052720289145205,0.0195017579492984,0.0142297290347779,3.699099201748615
18.0,0.0045905253946615,0.0265524158594042,0.0219618904647427,5.784177970191175
18.5,0.0053233123447143,0.03775722157072,0.0324339092260057,7.092805968488857
19.0,0.0142721483338795,0.0563870494184369,0.0421149010845574,3.9508452476341094
19.5,0.0293000497663692,0.0937994766001572,0.064499426833788,3.2013418867233763
20.0,0.0423893302616194,0.1568083804437832,0.1144190501821638,3.6992417543752114
20.125,0.05564633159646,0.1796874509991151,0.1240411194026551,3.22909787301318
20.25,0.0832398661921858,0.2013159774360345,0.11807611124384869,2.418504337467726
20.375,0.1197141273823585,0.2211515402057564,0.1014374128233979,1.8473303447254303
20.5,0.1444980533392243,0.2417179868509067,0.0972199335116824,1.6728113719528694
20.625,0.1555735852473981,0.2746381112834177,0.11906452603601961,1.7653261049854923
20.75,0.1641382060456566,0.3338056030100504,0.1696673969643938,2.0336861907531705
20.875,0.1862644411767648,0.4265952991749853,0.2403308579982205,2.2902669799983277
21.0,0.2387117716848919,0.5511730109052638,0.31246123922037194,2.3089477616245584
21.125,0.3466541994402626,0.7012530233674014,0.35459882392713876,2.022918010223745
21.25,0.5133947895699614,0.8595860427767937,0.3461912532068323,1.674317815918652
21.375,0.6980780487082683,0.9964985702976468,0.2984205215893785,1.4274887630997413
21.5,0.8653366005321425,1.099581722175975,0.2342451216438325,1.2706982710540413
21.625,0.9797390149236972,1.1647216054053593,0.1849825904816621,1.1888080271010426
21.75,1.012643829644428,1.1935098191094673,0.1808659894650393,1.178607704081451
21.875,0.960588957290446,1.1914627889753102,0.2308738316848642,1.2403461230036361
22.0,0.8232708825118942,1.1716787384353944,0.3484078559235002,1.4231995365370724
22.125,0.631618515918715,1.1412991340184444,0.5096806180997294,1.8069437567997482
22.25,0.4340036992240147,1.109328001232163,0.6753243020081482,2.5560335158792595
22.375,0.2730603894294954,1.0670703569554687,0.7940099675259733,3.907818190638697
22.5,0.1501829464459339,1.0120849356936026,0.8619019892476687,6.739013713903627
22.625,0.0738900267435569,0.93747470547319,0.8635846787296331,12.687432212290226
22.75,0.0393087750995812,0.8424046150753836,0.8030958399758024,21.430446838938987
22.875,0.0332866653238189,0.731429912643398,0.6981432473195791,21.973661390467054
23.0,0.038185388014431,0.6058616054794445,0.5676762174650134,15.866320521621454
23.125,0.0412363960114494,0.4762869799003549,0.4350505838889055,11.550160197513685
23.25,0.0370494360820572,0.3543232668192332,0.317273830737176,9.563526582009967
23.375,0.0326304103243743,0.2562655715881139,0.2236351612637396,7.853581031945786
23.5,0.0237094091365837,0.178557400610148,0.1548479914735643,7.531077623298225
23.625,0.0139991066289556,0.1226004602231799,0.10860135359422429,8.75773458069063
23.75,0.0071983421181609,0.0865594562032806,0.0793611140851197,12.024915568391409
23.875,0.0054944921892385,0.06731172397982,0.0618172317905815,12.250763430268696
24.0,0.0077582057604844,0.0589484808760984,0.051190275115614,7.598210552283396
24.5,0.0113120842418023,0.0428676887846447,0.0315556045428424,3.789548227216419
25.0,0.0019373772478921,0.0243660046495816,0.0224286274016895,12.576799214552683
25.5,0.005849251355655,0.0199916916457058,0.0141424402900508,3.4178205773937247
26.0,0.003971211953564,0.0152865312537429,0.0113153193001789,3.8493365331517664
26.5,0.0017372039016065,0.0111145189958101,0.0093773150942036,6.397935778023418
27.0,0.0027337718298875,0.0093140258963208,0.0065802540664333005,3.4070238761309097
27.5,0.0020162033065302,0.0077264960159417,0.0057102927094115,3.8322008454785594
28.0,0.001199081527778,0.0062996103532472,0.0051005288254692,5.253696439574808
28.5,0.0017781081988482,0.0054923489953562,0.0037142407965079995,3.0888722063786456
29.0,0.0020277432625378,0.0050840427541514,0.0030562994916136,2.507241842731373
29.5,0.0004373601300344,0.0039138560009355,0.0034764958709011004,8.948817535397342
30.0,0.001824354788107,0.0038995986612723,0.0020752438731653,2.137522090929818
